method,queries,mean_s_per_query,median_s_per_query,p95_s_per_query,min_s_per_query,max_s_per_query,mean_calls_per_query
kev27b_noul_c12_w4096x16,75,17.11,12.28,37.48,5.85,68.16,37.2
kev27b_noul_c12_w4096x16_rerun,75,16.80,12.12,36.69,6.74,62.16,37.2
kev27b_noul_c12_w8192x16,75,17.37,12.72,37.98,7.13,64.19,37.2
kev27b_noul_c12_w8192x8,75,17.43,12.35,37.58,6.20,68.39,37.2
kev27b_noul_c18_w4096x16,75,30.07,28.70,82.34,5.89,114.13,24.8
kev27b_noul_c18_w4096x16_rerun,75,30.47,29.15,84.29,5.96,116.86,24.8
kev27b_noul_c18_w8192x16,75,22.39,20.62,54.07,5.65,80.89,24.8
kev27b_noul_c18_w8192x8,75,22.41,20.29,53.66,5.69,81.58,24.8
kev27b_noul_c24_w4096x16,75,40.22,27.51,100.84,7.61,157.68,18.7
kev27b_noul_c24_w4096x16_rerun,75,37.97,26.45,92.41,7.62,146.08,18.7
kev27b_noul_c24_w8192x16,75,26.48,21.28,61.43,7.75,92.41,18.7
kev27b_noul_c24_w8192x8,75,26.33,21.27,60.98,7.64,90.77,18.7
